﻿<?xml version="1.0" encoding="utf-8"?>
<ServiceManifest xmlns:xsd="http://www.w3.org/2001/XMLSchema" xmlns:xsi="http://www.w3.org/2001/XMLSchema-instance" Name="ContosoEvents.EventActorPkg" Version="1.0.0" xmlns="http://schemas.microsoft.com/2011/01/fabric">
  <ServiceTypes>
    <StatefulServiceType ServiceTypeName="EventActorServiceType" HasPersistedState="true">
      <Extensions>
        <Extension Name="__GeneratedServiceType__" GeneratedId="19e832cb-9a31-4d69-b28e-ccef20c51157|Persisted">
          <GeneratedNames xmlns="http://schemas.microsoft.com/2015/03/fabact-no-schema">
            <DefaultService Name="EventActorService" />
            <ServiceEndpoint Name="EventActorServiceEndpoint" />
            <ReplicatorEndpoint Name="EventActorServiceReplicatorEndpoint" />
            <ReplicatorConfigSection Name="EventActorServiceReplicatorConfig" />
            <ReplicatorSecurityConfigSection Name="EventActorServiceReplicatorSecurityConfig" />
            <StoreConfigSection Name="EventActorServiceLocalStoreConfig" />
          </GeneratedNames>
        </Extension>
      </Extensions>
    </StatefulServiceType>
  </ServiceTypes>
  <CodePackage Name="Code" Version="1.0.0">
    <EntryPoint>
      <ExeHost>
        <Program>ContosoEvents.EventActor.exe</Program>
      </ExeHost>
    </EntryPoint>
  </CodePackage>
  <ConfigPackage Name="Config" Version="1.0.0" />
  <Resources>
    <Endpoints>
      <Endpoint Name="EventActorServiceEndpoint" />
      <Endpoint Name="EventActorServiceReplicatorEndpoint" />
    </Endpoints>
  </Resources>
  <!-- The content will be generated during build -->
</ServiceManifest>